{"cameraMode":{"drawMode":0,"name":"Shaded","section":"Shading Mode"},"sceneLighting":true,"audioPlay":false,"sceneViewState":{"m_AlwaysRefresh":false,"showFog":true,"showSkybox":true,"showFlares":true,"showImageEffects":true,"showParticleSystems":true,"showVisualEffectGraphs":true,"m_FxEnabled":true},"in2DMode":false,"pivot":{"x":49.17719650268555,"y":-19.416461944580079,"z":36.81037139892578},"rotation":{"x":0.49419277906417849,"y":0.002591388300061226,"z":-0.0015125834615901113,"w":0.8693714737892151},"size":16.137666702270509,"orthographic":false}